{
    "header": {
        "login_session_id": "",
        "trcode": "mock-LOGIN",
        "message_version": "",
        "result": true,
        "error_code": "",
        "error_text": "",
        "info_text": "",
        "is_cryption": false
    },
    "body": {
        "user_type": "",
        "company_id": "",
        "license_no": "null",
        "remote_wipe": false,
        "access_limit": false,
        "attachment_download": true,
        "app_tester": false,
        "legacy_trcode": "mock-DM0001",
        "legacy_message": {
            "header": {
                "error_code": "",
                "error_text": "",
                "info_text": "",
                "login_session_id": "",
                "message_version": "",
                "result": true,
                "trcode": "mock-DM0001"
            },
            "body": {
                "mobileNo": "01011112222",
                "passInitYn": "N",
                "userName": "TEST",
                "openPushYn": "N",
                "peopleYn": null,
                "custNoList": [
                    {
                        "ownerName": "테스터",
                        "bizNo": "4040595591",
                        "bankBranchCode": "",
                        "bankCode": "",
                        "mobileNo": "01011112222",
                        "custNo": "CT0027511",
                        "CUName": "AAA"
                    }
                ],
                "faxNo": "0212345678",
                "pushYn": "Y",
                "email": "mcnc@mcnc.co.kr",
                "regularCheckupInfo": [
                    {
                        "startTime": "201601051040",
                        "message": "안정적인 서비스를 위해 시스템 점검테스트중입니다.",
                        "showYn": "Y",
                        "endTime": "201601051050"
                    }
                ],
                "passExpireYn": "Y"
            }
        }
    }
}