{
    "header": {
        "login_session_id": "",
        "trcode": "mock-LOGIN",
        "message_version": "",
        "result": true,
        "error_code": "",
        "error_text": "",
        "info_text": "",
        "is_cryption": false
    },
    "body": {
        "user_type": "",
        "company_id": "",
        "license_no": "null",
        "remote_wipe": false,
        "access_limit": false,
        "attachment_download": true,
        "app_tester": false,
        "legacy_trcode": "mock-DM0001",
        "legacy_message": {
            "header": {
                "error_code": "",
                "error_text": "로그인 에러 메시지 (DM000100501)",
                "info_text": "",
                "login_session_id": "",
                "message_version": "",
                "result": true,
                "trcode": "mock-DM0001"
            },
            "body": {
                "userSeq": "MU0000000129",
                "userId": "mcnc",
                "userName": "테스터",
                "stopYn": "Y"
            }
        }
    }
}